{
  "ADBE": 387.76275278939954,
  "AMZN": 210.62616323517207,
  "AAPL": 203.48534759649107,
  "MSFT": 477.4567518906199,
  "GOOGL": 166.41552417420212,
  "TSLA": 320.31736371791015,
  "META": 680.6670216343152,
  "NVDA": 144.44492071647994,
  "NFLX": 1223.1402941447027
}